<?xml version="1.0" encoding="utf-8" standalone="yes"?><rss version="2.0" xmlns:atom="http://www.w3.org/2005/Atom"><channel><title>Categories on Influencer</title><link>https://demo.gethugothemes.com/influencer/examplesite/categories/</link><description>Recent content in Categories on Influencer</description><generator>Hugo -- gohugo.io</generator><language>en-us</language><lastBuildDate>Sat, 23 Nov 2019 15:28:43 +0600</lastBuildDate><atom:link href="https://demo.gethugothemes.com/influencer/examplesite/categories/index.xml" rel="self" type="application/rss+xml"/><item><title>Creative</title><link>https://demo.gethugothemes.com/influencer/examplesite/categories/creative/</link><pubDate>Sat, 23 Nov 2019 15:28:43 +0600</pubDate><guid>https://demo.gethugothemes.com/influencer/examplesite/categories/creative/</guid><description/></item><item><title>Go Language</title><link>https://demo.gethugothemes.com/influencer/examplesite/categories/go-language/</link><pubDate>Sat, 23 Nov 2019 15:28:43 +0600</pubDate><guid>https://demo.gethugothemes.com/influencer/examplesite/categories/go-language/</guid><description/></item><item><title>New Book</title><link>https://demo.gethugothemes.com/influencer/examplesite/categories/new-book/</link><pubDate>Sat, 23 Nov 2019 15:28:43 +0600</pubDate><guid>https://demo.gethugothemes.com/influencer/examplesite/categories/new-book/</guid><description/></item></channel></rss>