<?xml version="1.0" encoding="utf-8" standalone="yes"?><rss version="2.0" xmlns:atom="http://www.w3.org/2005/Atom"><channel><title>Tags on Influencer</title><link>https://demo.gethugothemes.com/influencer/examplesite/tags/</link><description>Recent content in Tags on Influencer</description><generator>Hugo -- gohugo.io</generator><language>en-us</language><lastBuildDate>Sat, 23 Nov 2019 15:28:43 +0600</lastBuildDate><atom:link href="https://demo.gethugothemes.com/influencer/examplesite/tags/index.xml" rel="self" type="application/rss+xml"/><item><title>Book</title><link>https://demo.gethugothemes.com/influencer/examplesite/tags/book/</link><pubDate>Sat, 23 Nov 2019 15:28:43 +0600</pubDate><guid>https://demo.gethugothemes.com/influencer/examplesite/tags/book/</guid><description/></item><item><title>HTML</title><link>https://demo.gethugothemes.com/influencer/examplesite/tags/html/</link><pubDate>Sat, 23 Nov 2019 15:28:43 +0600</pubDate><guid>https://demo.gethugothemes.com/influencer/examplesite/tags/html/</guid><description/></item><item><title>New</title><link>https://demo.gethugothemes.com/influencer/examplesite/tags/new/</link><pubDate>Sat, 23 Nov 2019 15:28:43 +0600</pubDate><guid>https://demo.gethugothemes.com/influencer/examplesite/tags/new/</guid><description/></item><item><title>Photos</title><link>https://demo.gethugothemes.com/influencer/examplesite/tags/photos/</link><pubDate>Sat, 23 Nov 2019 15:28:43 +0600</pubDate><guid>https://demo.gethugothemes.com/influencer/examplesite/tags/photos/</guid><description/></item><item><title>Python</title><link>https://demo.gethugothemes.com/influencer/examplesite/tags/python/</link><pubDate>Sat, 23 Nov 2019 15:28:43 +0600</pubDate><guid>https://demo.gethugothemes.com/influencer/examplesite/tags/python/</guid><description/></item></channel></rss>