<?xml version="1.0" encoding="utf-8" standalone="yes"?><rss version="2.0" xmlns:atom="http://www.w3.org/2005/Atom"><channel><title>Blog on Influencer</title><link>https://demo.gethugothemes.com/influencer/examplesite/blog/</link><description>Recent content in Blog on Influencer</description><generator>Hugo -- gohugo.io</generator><language>en-us</language><lastBuildDate>Sat, 23 Nov 2019 15:28:43 +0600</lastBuildDate><atom:link href="https://demo.gethugothemes.com/influencer/examplesite/blog/index.xml" rel="self" type="application/rss+xml"/><item><title>My Awesome Blog Post</title><link>https://demo.gethugothemes.com/influencer/examplesite/blog/blog-post-2/</link><pubDate>Sat, 23 Nov 2019 15:28:43 +0600</pubDate><guid>https://demo.gethugothemes.com/influencer/examplesite/blog/blog-post-2/</guid><description>Lorem ipsum dolor sit amet, consectetur adipisicing elit. Possimus natus, consectetur?</description></item><item><title>My Awesome Blog Post</title><link>https://demo.gethugothemes.com/influencer/examplesite/blog/blog-post-3/</link><pubDate>Sat, 23 Nov 2019 15:28:43 +0600</pubDate><guid>https://demo.gethugothemes.com/influencer/examplesite/blog/blog-post-3/</guid><description>Lorem ipsum dolor sit amet, consectetur adipisicing elit. Possimus natus, consectetur?</description></item><item><title>My Awesome Blog Post</title><link>https://demo.gethugothemes.com/influencer/examplesite/blog/blog-post/</link><pubDate>Sat, 23 Nov 2019 15:28:43 +0600</pubDate><guid>https://demo.gethugothemes.com/influencer/examplesite/blog/blog-post/</guid><description>Lorem ipsum dolor sit amet, consectetur adipisicing elit. Possimus natus, consectetur?</description></item></channel></rss>